Year,Interest Paid,Principal Paid,Outstanding Loan,Bank Disbursement,Customer Contribution
2026,22470.61,309542.28,1032982.07,1342524.35,1342524.35
2027,50794.58,1271546.95,1271775.03,1510339.8900000001,503446.63
2028,75034.69,1248883.98,1540124.2,1517233.15,496553.36
2029,154933.81,1272042.94,2953129.96,2685048.68,0.0
2030,218527.2,1337498.45,2958155.84,1342524.35,0.0
2031,290524.7,1384520.74,4258683.79,2685048.7,0.0
2032,260107.33,1483349.96,2775333.83,0.0,0.0
2033,148917.95,1594539.3399999999,1180794.48,0.0,0.0
2034,33729.71,1180794.48,0.0,0.0,0.0
